Gap,B_Ratio
2,18.522606958401212
4,18.52266392823256
6,9.26244456631675
10,13.896299970455551
30,6.949076195929767
