Metric,Value
L1_Independent,201.53306733821745
L1_Collision,146.03545630294892
UFT_F_Constant,0.0031193375
