,mode5,mode6,mode7,mode8,mode9,mode10,mode11,mode12
mode5,0.9999999999999998,1.0663472772787614e-16,1.0663472772787614e-16,-1.777245462131269e-17,-1.777245462131269e-17,-8.886227310656345e-17,-8.886227310656345e-17,-8.886227310656345e-17
mode6,1.0663472772787614e-16,1.0,1.0,1.4217963697050151e-16,1.4217963697050151e-16,-8.886227310656345e-17,-8.886227310656345e-17,-8.886227310656345e-17
mode7,1.0663472772787614e-16,1.0,1.0,1.4217963697050151e-16,1.4217963697050151e-16,-8.886227310656345e-17,-8.886227310656345e-17,-8.886227310656345e-17
mode8,-1.777245462131269e-17,1.4217963697050151e-16,1.4217963697050151e-16,0.9999999999999999,0.9999999999999999,2.6658681931969034e-16,2.6658681931969034e-16,2.6658681931969034e-16
mode9,-1.777245462131269e-17,1.4217963697050151e-16,1.4217963697050151e-16,0.9999999999999999,1.0000000000000002,2.3104191007706496e-16,2.3104191007706496e-16,2.3104191007706496e-16
mode10,-8.886227310656345e-17,-8.886227310656345e-17,-8.886227310656345e-17,2.6658681931969034e-16,2.3104191007706496e-16,1.0,1.0,1.0
mode11,-8.886227310656345e-17,-8.886227310656345e-17,-8.886227310656345e-17,2.6658681931969034e-16,2.3104191007706496e-16,1.0,1.0,1.0
mode12,-8.886227310656345e-17,-8.886227310656345e-17,-8.886227310656345e-17,2.6658681931969034e-16,2.3104191007706496e-16,1.0,1.0,1.0
