level,eigenvalue_lambda,mass_raw_model,mass_calibrated_MeV
5,0.26956453205472264,0.10598044867936779,0.5109989461
6,1.6524372070031994,0.2623957893941897,1.2651764878554612
7,2.684630729664764,0.33445420274834614,1.6126157914293906
8,4.914205784444167,0.45250256833728614,2.1818018173092697
9,4.922818390620404,0.4528989213307058,2.1837128864210245
10,8.415324237293675,0.5921473717641889,2.8551179644731284
