mode_label_sorted,mass_GeV,mass_MeV
mode_12,0.0026982901026727894,2.6982901026727895
mode_11,0.0017612957821375624,1.7612957821375623
mode_10,0.0003104128007642414,0.31041280076424144
mode_9,0.0001305157494152338,0.1305157494152338
mode_8,9.942671972269684e-06,0.009942671972269683
mode_7,2.0386829107046824e-06,0.0020386829107046822
mode_6,1.2680784277966957e-07,0.00012680784277966956
mode_5,9.197412992950185e-09,9.197412992950185e-06
